water1,water001.png
water2,water002.png
water3,water003.png
water4,water004.png
water5,water005.png
water6,water006.png
water7,water007.png
water8,water008.png
water9,water009.png
water10,water010.png
water11,water011.png
water12,water012.png
water13,water013.png
water14,water014.png
water15,water015.png
water16,water016.png
sand,sand.png
grass,grass.png
grass2,grass2.png
crystal,crystal.png
grass3,grass3.png
grass4,grass4.png
tree-grass,tree-grass.png
tree-grass1,tree-grass1.png
texgrass,texgrass.png
grassy,grassy.png
tree-1,tree-1.png
sandv1,sandv1.png
sandv2,sandv2.png
sandv3,sandv3,png
sandv4,sandv4.png
sandx1,sandx1.png
sandx2,sandx2.png
sandx3,sandx3.png
sandx4,sandx4.png
sandh1,sandh1.png
sandh2,sandh2.png